bit.ly,94,35,2,0.02,0,0,2/28/2017
tripadvisor.com,93,86,2,0.02,0,0,11/15/2017
bing.com,93,109,13,0.11,0,0,3/4/2017
behance.net,93,113,5,0.04,5,0.18,3/5/2017
dmca.com,92,277,166,1,109,4,8/13/2017
marriott.com,91,376,1,0.01,1,0.04,3/4/2017
globo.com,91,427,1,0.01,0,0,9/2/2017
tripadvisor.fr,91,452,1,0.01,0,0,11/3/2017
storify.com,90,846,1,0.01,0,0,7/14/2017
stackexchange.com,90,1036,2,0.02,0,0,2/26/2017
angelfire.com,90,1220,1,0.01,1,0.04,3/10/2018
timeout.com,90,1276,2,0.02,0,0,5/23/2017
tripadvisor.in,90,1374,1,0.01,0,0,2/3/2018
strava.com,89,1635,22,0.19,0,0,2/26/2017
tripadvisor.ca,89,1685,2,0.02,0,0,8/5/2017
westernunion.com,89,1762,1,0.01,0,0,2/3/2018
expedia.com,88,2234,1,0.01,0,0,1/12/2018
yaplog.jp,86,2896,1,0.01,1,0.04,3/5/2017
kqed.org,86,3147,1,0.01,0,0,7/27/2017
visual.ly,86,3205,1,0.01,0,0,3/3/2017
speakerdeck.com,86,3533,1,0.01,1,0.04,3/28/2018
gia.edu,85,4405,2,0.02,0,0,2/27/2017
tripadvisor.co.nz,84,4588,2,0.02,0,0,12/20/2017
visitscotland.com,84,4668,2,0.02,0,0,2/21/2018
kinja.com,84,4857,2,0.02,2,0.07,3/3/2017
hostelworld.com,83,6111,1,0.01,0,0,2/15/2018
tripadvisor.co.za,82,6855,1,0.01,0,0,3/8/2018
alamy.com,82,7181,1,0.01,0,0,2/26/2017
carsforsale.com,82,7953,1,0.01,0,0,2/13/2018
torgi.gov.ru,81,8637,5,0.04,5,0.18,3/2/2017
aol.co.uk,81,8653,14,0.12,14,0.51,2/11/2018
jigsy.com,81,9408,2,0.02,0,0,3/7/2018
creditcards.com,81,10098,1,0.01,0,0,6/13/2017
frommers.com,79,12826,11,0.1,11,0.4,12/28/2017
radionomy.com,79,12873,43,0.38,43,2,11/28/2017
virtualtourist.com,79,13355,1,0.01,0,0,3/5/2017
matadornetwork.com,79,13686,6,0.05,0,0,2/27/2017
tripadvisor.com.ph,79,13937,1,0.01,0,0,2/6/2018
resellerratings.com,79,14914,4,0.04,4,0.15,8/4/2017
moneycrashers.com,79,15062,1,0.01,0,0,4/1/2018
mywot.com,79,15069,2,0.02,2,0.07,12/1/2017
thewirecutter.com,79,15361,1,0.01,0,0,3/28/2018
linkmarket.net,78,15895,2,0.02,2,0.07,3/4/2017
folkd.com,78,16249,1,0.01,0,0,3/6/2017
tripadvisor.com.my,78,18022,1,0.01,0,0,2/24/2018
aol.de,78,18151,2,0.02,2,0.07,2/11/2018
sitejabber.com,77,20275,1,0.01,0,0,3/4/2017
apsense.com,77,20725,31,0.27,10,0.36,9/6/2017
manrepeller.com,77,20965,5,0.04,0,0,3/1/2017
uploadvr.com,77,23043,1,0.01,0,0,3/5/2018
boardingarea.com,76,26654,3,0.03,0,0,12/31/2017
nerdfitness.com,76,26900,5,0.04,0,0,3/25/2018
web-strategist.com,76,27606,3,0.03,0,0,2/27/2017
utc.fr,76,28807,2,0.02,2,0.07,3/5/2017
stuckincustoms.com,75,29168,1,0.01,0,0,3/28/2018
allwomenstalk.com,74,36482,1,0.01,0,0,10/16/2017
coub.com,74,38157,1,0.01,1,0.04,12/14/2017
quietrev.com,74,43171,1,0.01,0,0,2/28/2017
worldfirst.com,74,43199,1,0.01,0,0,3/30/2018
boundless.com,74,43267,1,0.01,0,0,12/10/2017
tech.eu,74,43702,4,0.04,0,0,12/24/2017
cockos.com,73,49008,1,0.01,1,0.04,3/5/2017
pagebin.com,73,51647,1,0.01,1,0.04,2/20/2018
aba.org,72,59417,2,0.02,0,0,12/21/2017
travbuddy.com,72,61774,9,0.08,0,0,12/8/2017
onmogul.com,72,64117,10,0.09,10,0.36,3/2/2017
contiki.com,71,72687,3,0.03,0,0,1/19/2018
griffithzone.com,71,76141,2,0.02,2,0.07,2/19/2018
thefuntimesguide.com,71,78723,1,0.01,1,0.04,4/1/2018
visualistan.com,71,80431,2,0.02,0,0,3/12/2018
diabetesselfmanagement.com,71,80722,1,0.01,0,0,3/23/2018
director.co.uk,71,82094,1,0.01,0,0,10/24/2017
webcookies.org,71,85459,1,0.01,0,0,11/27/2017
gaijinpot.com,70,87192,2,0.02,0,0,2/27/2017
shankman.com,70,94049,2,0.02,0,0,6/3/2017
100webspace.net,70,94360,1,0.01,1,0.04,9/27/2017
topclimat.ru,70,96344,2,0.02,2,0.07,1/6/2018
randalolson.com,70,102119,3,0.03,0,0,12/4/2017
theplanetd.com,70,106759,2,0.02,0,0,2/28/2017
apairandasparediy.com,69,108910,4,0.04,0,0,10/15/2017
timemanagementninja.com,69,115070,2,0.02,0,0,12/6/2017
thecookierookie.com,69,116681,1,0.01,0,0,4/1/2018
liveyourlegend.net,68,118329,2,0.02,0,0,3/5/2018
tripoto.com,68,118700,4,0.04,3,0.11,3/2/2017
spentapp.com,68,119017,2,0.02,0,0,2/7/2018
appagg.com,68,122208,2,0.02,0,0,1/1/2018
megaedd.com,68,122933,2,0.02,2,0.07,3/24/2018
insidesocal.com,68,124438,1491,13,0,0,1/30/2018
annstreetstudio.com,68,125857,3,0.03,0,0,3/4/2017
aol.ca,67,133045,11,0.1,11,0.4,2/10/2018
ibosocial.com,67,133402,2,0.02,0,0,2/27/2017
fangamer.com,67,133486,1,0.01,0,0,2/10/2018
lerablog.org,66,143706,4,0.04,0,0,2/27/2017
everywhereist.com,66,147979,5,0.04,0,0,3/6/2017
thenewswheel.com,65,154345,4,0.04,0,0,8/26/2017
spazioad.com,65,163350,1,0.01,1,0.04,2/14/2018
eurocentres.com,64,168414,7,0.06,0,0,6/3/2017
mariorossi.it,64,170609,13,0.11,13,0.47,3/2/2017
tripster.ru,64,172492,1,0.01,0,0,2/27/2017
givology.org,64,174270,2,0.02,2,0.07,3/3/2018
fabricadecasetonelporvenir.com,64,176334,1,0.01,1,0.04,2/19/2018
broowaha.com,64,180814,1,0.01,1,0.04,8/12/2017
busbud.com,64,183465,4,0.04,0,0,11/25/2017
saipantribune.com,63,187879,1,0.01,0,0,3/2/2017
bikepacking.com,63,194116,1,0.01,0,0,4/3/2018
7daystodie.com,62,200924,33,0.29,33,1,7/1/2017
sarahwilson.com,62,201825,2,0.02,0,0,3/26/2018
sassymamasg.com,62,208914,1,0.01,0,0,3/24/2018
ethicalsuperstore.com,62,210603,2,0.02,0,0,12/26/2017
traveldudes.org,62,210995,11,0.1,2,0.07,3/5/2017
worldofwanderlust.com,62,211201,2,0.02,0,0,2/27/2017
fly.com,62,211398,6,0.05,0,0,2/16/2018
kendall.edu,62,219441,1,0.01,0,0,1/6/2018
jillianharris.com,61,226763,1,0.01,0,0,2/26/2017
tale-of-tales.com,61,227409,5,0.04,5,0.18,2/26/2017
etramping.com,61,239950,3,0.03,0,0,2/26/2017
topdeck.travel,60,243912,1,0.01,0,0,3/2/2017
madena.net,60,243987,12,0.11,12,0.44,3/6/2017
fluther.com,60,249237,1,0.01,0,0,3/1/2017
thepoortraveler.net,60,250227,2,0.02,0,0,2/28/2017
trulyexperiences.com,60,260204,407,4,0,0,12/27/2017
royalcentral.co.uk,60,262977,3,0.03,0,0,3/1/2017
walksofitaly.com,60,263299,2,0.02,0,0,3/12/2018
thecultureist.com,59,266445,1,0.01,0,0,3/16/2018
travelskills.com,59,269555,1,0.01,0,0,3/5/2017
girlvsglobe.com,59,284614,7,0.06,0,0,8/19/2017
geekestateblog.com,58,292745,1,0.01,0,0,2/28/2018
wesrch.com,58,299345,14,0.12,1,0.04,3/5/2017
theanswerbank.co.uk,58,309867,2,0.02,0,0,3/1/2017
trippy.com,57,318694,146,1,0,0,2/26/2017
detailingworld.co.uk,57,319570,4,0.04,4,0.15,2/26/2017
fashionmenow.co.uk,57,319639,3,0.03,0,0,1/12/2018
keypublishing.com,57,321431,38,0.33,38,1,3/1/2017
waytorussia.net,57,330785,1,0.01,0,0,2/27/2017
chrismoore.com,57,333683,2,0.02,2,0.07,9/29/2017
ecmm.ch,57,340379,1,0.01,1,0.04,2/8/2018
thekitchykitchen.com,57,342615,1,0.01,0,0,12/27/2017
redgage.com,57,343374,1,0.01,1,0.04,2/28/2018
toledocitypaper.com,56,372304,2,0.02,0,0,11/15/2017
willtravelforfood.com,56,373308,7,0.06,0,0,3/5/2017
fantasymagazine.it,56,376224,2,0.02,2,0.07,6/11/2017
fleetcarma.com,56,378348,1,0.01,0,0,3/6/2017
nycaviation.com,56,382974,1,0.01,0,0,2/23/2018
chnetwork.org,55,396761,1,0.01,0,0,2/27/2018
luxeadventuretraveler.com,55,402861,1,0.01,0,0,3/6/2017
timway.com,55,415719,2,0.02,2,0.07,3/7/2018
e-puzzle.ru,55,419844,1,0.01,1,0.04,3/12/2018
tripntale.com,54,431472,20,0.18,20,0.73,3/2/2017
jon-olsson.com,54,432436,1,0.01,0,0,3/31/2018
linkmarket.com,54,458694,2,0.02,2,0.07,3/4/2017
smahu.com,54,459063,2,0.02,2,0.07,7/14/2017
maidbrigade.com,54,463054,1,0.01,0,0,10/23/2017
myfamilytravels.com,54,467218,4,0.04,0,0,3/3/2017
youramazingplaces.com,53,480030,6,0.05,0,0,3/4/2017
danwatch.dk,53,486324,3,0.03,3,0.11,10/18/2017
jcount.com,53,504711,1,0.01,1,0.04,3/8/2018
starmen.net,53,530190,1,0.01,0,0,2/11/2018
drsears.com,53,535665,1,0.01,0,0,3/4/2017
ft86club.com,52,543953,1,0.01,1,0.04,3/3/2017
hauntedillinois.com,52,556351,2,0.02,2,0.07,3/4/2017
lemonstripes.com,52,571531,4,0.04,0,0,3/4/2017
downshiftology.com,52,577473,3,0.03,0,0,2/27/2017
chinaseite.de,52,583194,57,0.5,57,2,2/26/2017
mustat.com,52,584297,4,0.04,4,0.15,3/2/2017
5inchandup.com,51,590904,1,0.01,0,0,9/15/2017
themost10.com,51,595320,2,0.02,0,0,3/1/2018
triphackr.com,51,601326,26,0.23,0,0,3/4/2017
expatgo.com,51,605335,1,0.01,0,0,3/12/2018
yellowoctopus.com.au,51,606667,1,0.01,0,0,3/20/2018
sitelinks.info,51,614496,13,0.11,0,0,3/3/2017
cocosteaparty.com,51,615055,2,0.02,0,0,10/20/2017
01webdirectory.com,51,615814,7,0.06,7,0.25,8/5/2017
profnetconnect.com,51,623136,1,0.01,1,0.04,11/9/2017
tripatini.com,50,648681,35,0.31,4,0.15,2/26/2017
weboldala.net,50,648835,2,0.02,2,0.07,3/26/2018
outoftownblog.com,50,652234,1,0.01,0,0,3/2/2017
wondex.com,50,654344,2,0.02,0,0,3/3/2017
oople.com,50,655912,2,0.02,2,0.07,2/27/2017
biblememorization.com,50,659334,1,0.01,1,0.04,3/4/2018
leeabbamonte.com,50,670737,2,0.02,0,0,2/6/2018
lovehappensmag.com,50,678198,1,0.01,0,0,2/17/2018
largeup.com,50,678484,2,0.02,0,0,3/20/2018
best-infographics.com,50,684348,1,0.01,1,0.04,3/3/2017
newdy.org,50,689135,17,0.15,17,0.62,3/3/2017
orlandovacation.com,50,689749,1,0.01,0,0,3/23/2018
wsap.edu.pl,50,695534,1,0.01,1,0.04,2/27/2017
vroomvroomvroom.com,50,698707,1,0.01,0,0,3/9/2018
back-packer.org,49,701564,15,0.13,0,0,2/28/2017
boweryboyshistory.com,49,706574,3,0.03,0,0,2/28/2017
listovative.com,49,741256,1,0.01,0,0,3/3/2017
easyb.org,49,744367,6,0.05,6,0.22,1/27/2018
e-n-d.ru,48,766159,4,0.04,4,0.15,3/1/2017
futureproducers.com,48,777829,1,0.01,1,0.04,2/26/2017
malaysia-asia.my,48,784485,1,0.01,0,0,4/3/2018
thechromologist.com,48,799538,3,0.03,0,0,2/27/2017
slidesearchengine.com,48,803001,4,0.04,0,0,2/26/2017
snowgoer.com,47,817875,38,0.33,38,1,5/12/2017
frosch.com,47,821925,6,0.05,0,0,10/14/2017
duke4.net,47,832792,6,0.05,6,0.22,8/3/2017
theglobalgrid.org,47,839099,1,0.01,0,0,3/3/2017
wopular.com,46,893075,1,0.01,0,0,2/8/2018
sunshinekelly.com,46,898907,1,0.01,1,0.04,3/18/2018
mvslim.com,46,916566,1,0.01,0,0,3/31/2018
businessdestinations.com,46,931886,1,0.01,0,0,9/15/2017
sundaynews.co.zw,46,938027,2,0.02,0,0,2/15/2018
mlovesm.com,45,948270,6,0.05,0,0,2/26/2017
kellyinthecity.com,45,962537,3,0.03,0,0,1/10/2018
wruf.com,45,963335,1,0.01,0,0,2/19/2018
thefoodpornographer.com,45,966406,2,0.02,0,0,3/5/2017
grabyourfork.blogspot.com,45,967895,1,0.01,0,0,3/29/2018
italychronicles.com,45,980132,1,0.01,0,0,3/29/2018
tallypress.com,45,1013799,1,0.01,1,0.04,3/1/2017
neoreach.com,44,1018886,1,0.01,0,0,12/14/2017
mainecoon-forum.ru,44,1026209,16,0.14,16,0.58,12/17/2017
triphp.com,44,1047038,1,0.01,0,0,3/4/2017
christianwolmar.co.uk,44,1076436,6,0.05,0,0,3/4/2017
sn-desigz.com,44,1082950,5,0.04,5,0.18,3/2/2017
sistemim.com.tr,44,1089432,1,0.01,1,0.04,10/17/2017
bookmark4you.com,44,1089621,8,0.07,0,0,2/26/2017
tucsonfoodie.com,43,1114645,2,0.02,0,0,8/16/2017
intently.co,43,1141771,202,2,0,0,3/4/2017
keyword-suggest-tool.com,42,1203718,24,0.21,0,0,5/4/2017
rail-technicalservices.com,42,1205385,1,0.01,1,0.04,2/15/2018
heathandalyssa.com,42,1222656,3,0.03,0,0,11/9/2017
inbusiness.ae,42,1230123,6,0.05,6,0.22,2/26/2017
britsketch.blogspot.com,42,1244978,2,0.02,0,0,3/28/2018
campingwithstyle.co.uk,42,1246270,1,0.01,0,0,9/21/2017
hacker.org,42,1263673,2,0.02,2,0.07,2/26/2017
organwiseguys.com,42,1264210,1,0.01,0,0,3/24/2018
mutinyhockey.com,41,1294124,8,0.07,8,0.29,5/6/2017
citalia.com,41,1354586,1,0.01,0,0,3/25/2018
partiallyclips.com,41,1359421,4,0.04,4,0.15,9/12/2017
ultimatepheasanthunting.com,41,1359925,11,0.1,11,0.4,11/8/2017
virtualskipper.com,41,1365761,4,0.04,4,0.15,6/23/2017
visual-pagerank.org,41,1398302,2,0.02,2,0.07,9/2/2017
infolinks.top,40,1411792,1,0.01,0,0,2/16/2018
chevrolet-cruze-club.ru,40,1421195,2,0.02,2,0.07,2/28/2017
thefarmingforum.co.uk,40,1455573,1,0.01,0,0,3/5/2017
menstrait.com,40,1471917,1,0.01,0,0,3/31/2018
miamibrowardcarnival.com,40,1486840,1,0.01,0,0,1/29/2018
intoxicologist.net,40,1534379,2,0.02,0,0,2/28/2017
eichsfeld-net.de,39,1588714,27,0.24,27,0.98,1/21/2018
difflock.com,39,1604998,5,0.04,5,0.18,3/4/2017
sma-offshore.com,39,1606191,1,0.01,1,0.04,2/18/2018
golfmk6.com,39,1608372,1,0.01,1,0.04,3/3/2017
docpop.org,39,1627661,1,0.01,0,0,3/4/2017
samuitimes.com,39,1628003,2,0.02,2,0.07,5/25/2017
ohiolegion.com,39,1637089,1,0.01,0,0,2/3/2018
whennotesfly.com,39,1639148,14,0.12,14,0.51,2/28/2017
mastermaq.ca,39,1641242,1,0.01,0,0,1/15/2018
trazeetravel.com,39,1668205,2,0.02,0,0,12/15/2017
chefatlarge.in,39,1673621,1,0.01,0,0,1/4/2018
parce.tv,39,1690147,1,0.01,1,0.04,2/11/2018
nptm.ru,38,1707946,8,0.07,8,0.29,11/30/2017
whatisdomain.net,38,1708732,8,0.07,0,0,8/15/2017
coasterforce.com,38,1738136,2,0.02,0,0,3/4/2017
foodtruckempire.com,38,1740294,1,0.01,0,0,2/2/2018
brainbombers.com,38,1741552,2,0.02,2,0.07,10/24/2017
hairtrade.com.au,38,1752284,1,0.01,1,0.04,3/10/2018
walksofnewyork.com,38,1774407,3,0.03,0,0,1/27/2018
sidestreetstyle.com,38,1804843,6,0.05,0,0,3/14/2018
hondenforum.nl,38,1832545,2,0.02,2,0.07,1/1/2018
theconstantrambler.com,38,1838727,1,0.01,0,0,9/20/2017
goodtimesburgers.com,38,1853720,3,0.03,0,0,9/3/2017
worldculturepictorial.com,37,1878023,4,0.04,4,0.15,3/1/2017
paulcheksblog.com,37,1928384,1932,17,0,0,1/25/2018
thewanderingwanderluster.com,37,1969387,2,0.02,0,0,3/3/2017
sociopost.com,37,2026084,28,0.25,9,0.33,3/5/2017
rickzullo.com,36,2049825,1,0.01,0,0,2/25/2018
solvibrations.org,36,2057794,3,0.03,0,0,2/16/2018
anamericaninrome.com,36,2067862,2,0.02,0,0,9/21/2017
zylon.net,36,2115428,2,0.02,2,0.07,10/29/2017
gotravelyourway.com,36,2122110,1,0.01,0,0,3/30/2018
anadventurousworld.com,36,2186202,3,0.03,0,0,3/23/2018
valisemag.com,36,2192571,3,0.03,0,0,3/1/2017
work-club.com,36,2211528,1,0.01,1,0.04,4/1/2018
backpackerjobboard.com.au,36,2220048,86,0.75,0,0,2/11/2018
spmmail.net,36,2220153,3,0.03,3,0.11,3/16/2018
seoxlink.com,35,2223154,13,0.11,13,0.47,2/7/2018
midi.com,35,2270727,4,0.04,0,0,2/6/2018
savoirthere.com,35,2292689,5,0.04,0,0,11/14/2017
driverlayer.com,35,2316632,8,0.07,8,0.29,1/2/2018
edthefuture.com,35,2366540,2,0.02,2,0.07,11/23/2017
brokeandchic.com,35,2386755,3,0.03,0,0,3/2/2017
tlists.com,35,2394788,1,0.01,1,0.04,8/11/2017
theotherpress.ca,34,2457757,3,0.03,0,0,8/13/2017
bookmarkcore.com,34,2491305,22,0.19,22,0.8,1/31/2018
fiftyfive.one,34,2547532,1,0.01,0,0,1/30/2018
theroamingrenegades.com,34,2551380,2,0.02,0,0,2/6/2018
italiaslowtour.com,34,2567608,1,0.01,0,0,9/1/2017
yaelp.com,34,2594733,11,0.1,0,0,3/3/2017
myaddictionjourney.com,34,2601429,6,0.05,0,0,2/6/2018
jaggerwilliams.com,34,2616536,2,0.02,2,0.07,3/31/2018
digitalrdm.com,34,2622946,2,0.02,0,0,8/24/2017
daisousa.net,34,2630965,2,0.02,2,0.07,3/4/2018
gayatravel.com.my,34,2639249,1,0.01,1,0.04,3/25/2018
infographicportal.com,34,2648093,1,0.01,0,0,3/4/2017
rentmama.com,33,2697919,3,0.03,0,0,12/23/2017
surfaceforums.net,33,2700833,1,0.01,0,0,10/17/2017
open-youth.org,33,2705945,1,0.01,1,0.04,12/20/2017
historyinhighheels.com,33,2779111,4,0.04,0,0,10/20/2017
intellect-law.ru,33,2804420,1,0.01,1,0.04,7/31/2017
chimpcare.org,33,2813594,1,0.01,1,0.04,2/7/2018
yourcarinsurancequotes.net,33,2834898,5,0.04,5,0.18,11/18/2017
pbctimes.com,33,2842487,4,0.04,4,0.15,2/18/2018
globalgirltravels.com,33,2872608,2,0.02,0,0,2/27/2017
advanced-flight-systems.com,33,2892085,318,3,318,12,3/3/2017
anouska.net,33,2897989,2,0.02,0,0,11/27/2017
1000fights.com,32,2910540,2,0.02,0,0,2/28/2017
weaversdive.com,32,2928449,376,3,0,0,5/11/2017
johntemple.net,32,2975442,1,0.01,0,0,3/31/2018
dailywaffle.co.uk,32,3078735,8,0.07,8,0.29,2/16/2018
tickets2you.com,32,3105241,1,0.01,0,0,2/3/2018
wanderwithjo.com,32,3106746,1,0.01,0,0,3/6/2018
aliterarycocktail.com,32,3133733,1,0.01,0,0,11/7/2017
northernlightsiceland.com,32,3138759,1,0.01,1,0.04,12/25/2017
coylehospitality.com,31,3181676,2,0.02,0,0,7/30/2017
ehospitalitytimes.com,31,3189947,1,0.01,0,0,3/3/2017
moxsie.com,31,3205373,2,0.02,2,0.07,3/28/2018
wamos.cz,31,3215395,2,0.02,1,0.04,3/5/2017
belaroundtheworld.com,31,3257417,1,0.01,1,0.04,2/12/2018
flavorverse.com,31,3267194,1,0.01,0,0,6/24/2017
welcometobratislava.eu,31,3292217,1,0.01,0,0,8/13/2017
glidingsport.ru,31,3304063,1,0.01,1,0.04,5/5/2017
aosta-valley.co.uk,31,3312595,4,0.04,0,0,12/23/2017
morningchurch.com,31,3326177,2,0.02,2,0.07,3/14/2018
nbadd.net,31,3325977,15,0.13,15,0.54,3/1/2017
emproticos.org,31,3341582,24,0.21,24,0.87,6/27/2017
fashioneggplant.com,31,3372333,2,0.02,0,0,2/28/2017
singledudetravel.com,31,3379108,1,0.01,0,0,3/4/2017
theoverseasescape.com,31,3401082,1,0.01,0,0,3/3/2017
nullnfull.com,31,3407640,1,0.01,0,0,2/27/2017
welltraveledmile.com,31,3438262,1,0.01,0,0,8/23/2017
keys.so,31,3469034,2,0.02,2,0.07,7/19/2017
gremlin.net,31,3473397,2,0.02,2,0.07,10/29/2017
theworldandthensome.com,30,3482040,12,0.11,0,0,3/1/2017
megane-club.ru,30,3484096,1,0.01,1,0.04,2/27/2017
chartermenow.com,30,3488950,1,0.01,1,0.04,3/2/2018
ahoy.io,30,3490270,2,0.02,0,0,9/27/2017
bookmarkspot.net,30,3508404,13,0.11,0,0,2/6/2018
mytravelingjoys.com,30,3509148,5,0.04,0,0,3/9/2018
traveljunkiediary.com,30,3526590,1,0.01,0,0,2/28/2017
culturalxplorer.com,30,3533678,4,0.04,0,0,3/5/2017
wickedgoodtraveltips.com,30,3541389,1,0.01,1,0.04,3/4/2017
echte-abzocke.de,30,3566909,1,0.01,1,0.04,2/26/2017
pravanet.ru,30,3700053,4,0.04,4,0.15,9/30/2017
beyondwords.life,30,3783994,4,0.04,0,0,2/27/2017
boxcanyonblog.blogspot.com,29,3842702,1,0.01,0,0,3/27/2018
dressedwithsoul.com,29,3920865,1,0.01,0,0,3/31/2018
weaponseducation.net,29,3923556,16,0.14,16,0.58,2/27/2017
amateur-swingers-posts.com,29,3975295,11,0.1,11,0.4,2/26/2017
theindustryofcool.com,29,3987464,7,0.06,7,0.25,12/8/2017
maantok-ent.com,29,4004489,9,0.08,9,0.33,5/14/2017
adamantwanderer.com,29,4037264,29,0.25,0,0,8/4/2017
aweb4u.info,29,4039497,7,0.06,7,0.25,3/14/2018
emmakmurray.com,29,4071638,3,0.03,3,0.11,3/21/2018
theavantguardian.com,29,4156700,1,0.01,0,0,12/15/2017
ibiskosulivieri.it,29,4176075,2,0.02,2,0.07,6/14/2017
roseofyork.com,29,4225861,1,0.01,0,0,2/4/2018
leisureandme.com,28,4284629,1,0.01,1,0.04,4/3/2018
theplumednest.com,28,4309646,1,0.01,0,0,3/31/2018
alessiobax.blogspot.com,28,4373621,5,0.04,0,0,3/6/2018
realtvboard.com,28,4403574,1,0.01,1,0.04,3/17/2018
rising-world.net,28,4442446,8,0.07,0,0,5/12/2017
delightfulblogs.com,28,4463073,2,0.02,2,0.07,3/26/2018
spadreams.com,28,4468761,483,4,0,0,3/2/2017
keyfora.com,28,4519572,1,0.01,0,0,11/19/2017
stylezeitgeist.com,28,4524493,14,0.12,14,0.51,2/28/2017
tianakai.com,28,4545125,2,0.02,0,0,3/2/2017
thebudgetnistablog.com,28,4566748,1,0.01,0,0,7/19/2017
malachiward.blogspot.com,28,4650000,1,0.01,0,0,3/24/2018
dentromusica.com,27,4714866,1,0.01,0,0,11/23/2017
artsenfolies.org,27,4735961,1,0.01,0,0,3/4/2018
menorcablue.com,27,4752439,1,0.01,0,0,11/7/2017
worldluxuryassociation.org,27,4752849,4,0.04,4,0.15,12/6/2017
italybeyondtheobvious.com,27,4761856,1,0.01,0,0,3/1/2017
captivebred.co.uk,27,4865481,12,0.11,12,0.44,3/3/2017
sarache.se,27,4870108,1,0.01,0,0,2/14/2018
rx8ownersclub.co.uk,27,4880271,2,0.02,2,0.07,2/28/2017
studyland.ru,27,4883910,1,0.01,1,0.04,3/4/2017
visual-pagerank.net,27,4892910,2,0.02,2,0.07,10/19/2017
pinkpowerrangersracing.co.uk,27,4895286,1,0.01,1,0.04,12/18/2017
thepinthemapproject.com,27,4923438,3,0.03,0,0,4/1/2018
downtheroadwithsteveanddebbie.blogspot.com,27,4974155,1,0.01,0,0,3/24/2018
vegporn.com,27,5014552,2,0.02,2,0.07,12/10/2017
canecorso.ru,27,5105000,2,0.02,2,0.07,9/22/2017
effettoitaly.com,27,5120097,1,0.01,0,0,1/2/2018
studystruggles.de,27,5141431,7,0.06,7,0.25,2/6/2018
cyberlore.com,27,5156203,4,0.04,4,0.15,5/15/2017
spbinform.ru,26,5168732,2,0.02,2,0.07,10/24/2017
keenion.ru,26,5180643,4,0.04,4,0.15,6/9/2017
stickerstelegram.com,26,5202024,1,0.01,0,0,3/21/2018
sateless-suitcase.com,26,5217547,1,0.01,0,0,1/26/2018
gannanvhy.com,26,5297693,2,0.02,2,0.07,11/23/2017
digital-diva.co.uk,26,5305393,1,0.01,0,0,3/3/2017
forum.ee,26,5350960,14,0.12,0,0,3/4/2017
bushtarion.com,26,5361803,6,0.05,6,0.22,2/28/2017
ek-ua.com,26,5414587,17,0.15,17,0.62,3/5/2017
warnerrvnews.blogspot.com,26,5507857,2,0.02,0,0,3/24/2018
alltutorials.info,26,5514403,1,0.01,0,0,3/23/2018
thevirtualadvisors.com,26,5536049,3,0.03,3,0.11,2/17/2018
eichsfeldforum.de,26,5540819,31,0.27,31,1,3/1/2017
a2zviewz.com,26,5556952,7,0.06,0,0,1/30/2018
kinodelirio.com,26,5621399,3,0.03,3,0.11,3/3/2018
floralsandcorals.com,26,5632811,2,0.02,0,0,3/3/2017
canadianpharmacy2015.com,26,5717845,2,0.02,2,0.07,12/4/2017
yamaha-mt.es,26,5733959,1,0.01,1,0.04,9/29/2017
robbybubble.ro,26,5735773,4,0.04,4,0.15,9/21/2017
dn2i.com,25,5763454,12,0.11,9,0.33,2/26/2017
retrosalon.ru,25,5795982,2,0.02,0,0,3/4/2017
viac.ru,25,5809884,2,0.02,2,0.07,10/27/2017
korfball.com,25,5822523,2,0.02,2,0.07,3/3/2017
elearning-tour.com,25,5832771,6,0.05,6,0.22,3/16/2018
journalofnomads.com,25,5865159,1,0.01,0,0,11/10/2017
abcdfree.com,25,5868752,15,0.13,15,0.54,12/4/2017
webdex.com,25,5888860,2,0.02,2,0.07,11/24/2017
thekennel.net.au,25,5898828,1,0.01,0,0,10/20/2017
journeyonearth.com,25,5936751,1,0.01,1,0.04,6/25/2017
gameforworld.com,25,5968078,7,0.06,7,0.25,11/30/2017
instalocate.com,25,5996435,1,0.01,0,0,3/17/2018
rikerrvdays.blogspot.com,25,6034847,1,0.01,0,0,3/31/2018
firstelse.com,25,6079574,2,0.02,2,0.07,9/12/2017
developerov.net,25,6098369,4,0.04,4,0.15,6/9/2017
eight7teen.com,25,6155388,1,0.01,1,0.04,8/4/2017
w3datingsite.com,25,6289346,2,0.02,0,0,3/26/2018
neptunewaterski.com,25,6299016,2,0.02,0,0,2/7/2018
fohweb.com,25,6307515,2,0.02,2,0.07,1/13/2018
overuc.com,25,6321680,1,0.01,1,0.04,6/17/2017
vivahjewellery.com,25,6340540,1,0.01,0,0,3/10/2018
landofmarvels.com,24,6458878,5,0.04,0,0,3/2/2017
lpassociation.com,24,6613390,1,0.01,0,0,2/27/2018
bajar.in,24,6614893,3,0.03,3,0.11,2/26/2017
viralmummy.com,24,6633160,1,0.01,0,0,3/31/2018
pipeclub.net,24,6633905,12,0.11,12,0.44,5/17/2017
www027.net,24,6730867,16,0.14,16,0.58,3/6/2017
praktikum-japan.de,24,6807988,1,0.01,1,0.04,8/23/2017
adamandcheri.com,24,6820739,4,0.04,4,0.15,3/10/2018
portoalities.com,24,6854687,5,0.04,0,0,3/2/2017
blindchallenge.eu,24,6906506,4,0.04,4,0.15,3/5/2017
infonewstoday.com,23,6985132,1,0.01,1,0.04,12/22/2017
travelwithkate.com,23,7014855,1,0.01,0,0,2/26/2017
jamaika-info.de,23,7038123,12,0.11,12,0.44,2/28/2017
carsort.com,23,7080708,1,0.01,0,0,12/10/2017
kawaczyherbata.info,23,7103473,16,0.14,0,0,2/6/2018
valvigirl.net,23,7152025,16,0.14,16,0.58,3/3/2017
45.55.51.160,23,7162031,12,0.11,0,0,11/6/2017
effitimonholiday.com,23,7230076,9,0.08,0,0,1/27/2018
bookmarkbay.com,22,7341254,1,0.01,0,0,4/1/2018
shadownetmc.com,22,7430203,4,0.04,4,0.15,11/18/2017
vsmgmt.com,22,7441759,1,0.01,0,0,4/1/2018
bg-best.info,22,7446046,6,0.05,6,0.22,2/28/2017
theotherstream.com,22,7464371,7,0.06,7,0.25,3/27/2018
tuleburg.co,22,7472668,1,0.01,0,0,2/19/2018
monochrome-games.com,22,7515028,18,0.16,18,0.65,2/28/2017
voyagevixens.com,22,7529734,2,0.02,0,0,3/17/2018
marketingkonferenz.info,22,7535490,2,0.02,0,0,1/23/2018
vx800.de,22,7588412,10,0.09,10,0.36,3/3/2017
tapas-mixtas.ch,22,7613680,4,0.04,4,0.15,9/19/2017
andrq.org,22,7614353,4,0.04,4,0.15,8/11/2017
thaiblogs.info,22,7713390,7,0.06,7,0.25,11/13/2017
counterstrikesource.com,21,7757194,4,0.04,4,0.15,2/27/2017
abac.net,21,7828616,1,0.01,0,0,10/1/2017
holidaysundirect.com,21,7955638,1,0.01,1,0.04,2/10/2018
cptpalestine.com,21,8049336,1,0.01,0,0,2/24/2018
classyhost.com,21,8061241,4,0.04,4,0.15,3/20/2018
visual-pagerank.com,21,8087714,2,0.02,2,0.07,9/5/2017
thebayfieldbunch.com,21,8105570,1,0.01,0,0,3/30/2018
alphacardblog.com,21,8137844,5,0.04,5,0.18,3/3/2018
gebaek.sk,21,8212493,2,0.02,2,0.07,10/27/2017
smallbusinessllm.com,20,8272919,5,0.04,5,0.18,1/5/2018
bestreviewof.com,20,8367093,1,0.01,0,0,11/20/2017
runningvacation.net,20,8390297,4,0.04,2,0.07,1/30/2018
rittenhousejournal.org,20,8396625,2,0.02,2,0.07,3/27/2018
michaelgreenaudio.com,20,8484459,4,0.04,4,0.15,7/23/2017
selectstudyabroad.com,20,8499978,2,0.02,0,0,2/7/2018
visual-pagerank.biz,20,8624207,1,0.01,1,0.04,7/21/2017
thegrumpyfish.com,20,8793672,1,0.01,0,0,6/25/2017
meltedstories.com,20,8803979,1,0.01,0,0,3/9/2018
portlandhousehunters.com,20,8812014,1,0.01,1,0.04,3/2/2017
oxsearch.net,20,8923829,2,0.02,0,0,11/30/2017
makeitmagic.net,19,8941911,2,0.02,2,0.07,7/20/2017
cheapcarinsurbrokers.com,19,8977433,1,0.01,1,0.04,3/27/2018
gameofwarrealtips.com,19,9003578,1,0.01,1,0.04,11/9/2017
projectced.org,19,9052603,3,0.03,3,0.11,3/29/2018
sitedownrightnow.com,19,9117283,7,0.06,0,0,10/24/2017
andrealopezv.com,19,9131828,5,0.04,5,0.18,3/23/2018
lakeflatodogrun.com,19,9274803,1,0.01,0,0,2/9/2018
mywanderlustylife.com,19,9279760,8,0.07,0,0,1/19/2018
travelunmasked.com,19,9341710,11,0.1,0,0,2/26/2017
wanderlust15.com,19,9375355,60,0.53,0,0,6/8/2017
whatshelikes.in,18,9478580,2,0.02,2,0.07,3/1/2018
metasearch.eu,18,9508614,1,0.01,1,0.04,3/19/2018
yourcarinsurancequotes.us,18,9573400,2,0.02,2,0.07,11/28/2017
admirablejourneys.com,18,9654079,1,0.01,0,0,2/4/2018
continenthop.com,18,9663877,1,0.01,0,0,3/24/2018
open-web.info,18,9683477,12,0.11,0,0,11/2/2017
carrentalchoice.com,18,9688828,12,0.11,12,0.44,12/29/2017
mycnknow.com,18,9705775,1,0.01,1,0.04,8/28/2017
perhai.com,18,9951970,1,0.01,1,0.04,3/20/2018
astalavista.ru,17,10068447,4,0.04,4,0.15,6/20/2017
thediscoveryblog.com,17,10072039,4,0.04,4,0.15,2/28/2017
crackshotcorp.com,17,10117604,46,0.4,46,2,11/29/2017
zgzhongyi.com,17,10202201,3,0.03,3,0.11,1/18/2018
ajura.com,17,10250961,7,0.06,0,0,2/27/2017
therussianabroad.com,17,10258135,1,0.01,0,0,2/15/2018
fourseasonsexperience.com,17,10287677,3,0.03,3,0.11,3/2/2017
zolotoygolos.ru,17,10299706,2,0.02,2,0.07,10/27/2017
businessmodulehub.com,17,10319696,5,0.04,5,0.18,11/18/2017
garminych.ru,17,10388972,2,0.02,2,0.07,3/2/2017
imkeepingup.com,17,10492283,1,0.01,0,0,10/8/2017
fnphenomenal.com,17,10558361,2,0.02,0,0,5/5/2017
livinginthisseason.com,16,10625142,1,0.01,1,0.04,2/11/2018
wapz.net,16,10661296,3,0.03,3,0.11,3/25/2018
currierslakeview.com,16,10752057,1,0.01,0,0,2/27/2017
playboyua.com.ua,16,10783169,2,0.02,2,0.07,3/3/2017
thesiracusas.com,16,10848521,1,0.01,0,0,10/11/2017
aress.net,16,11026777,4,0.04,4,0.15,3/6/2017
wlimail.com,15,11287893,4,0.04,4,0.15,2/23/2018
detailingworld.com,15,11310250,1,0.01,1,0.04,5/12/2017
deborah-lawrenson.blogspot.com,15,11319620,1,0.01,0,0,4/1/2018
articlization.com,15,11323974,2,0.02,2,0.07,7/11/2017
radiochilenaconcepcion.cl,15,11422164,1,0.01,0,0,2/19/2018
uncharted101.com,15,11455214,1,0.01,0,0,3/1/2017
rcreducation.com,15,11482950,1,0.01,1,0.04,2/5/2018
enjoythejourney.org.uk,15,11540384,1,0.01,0,0,3/1/2017
royacuna.com,15,11628579,13,0.11,0,0,3/2/2017
athenscoast.com,15,11635083,1,0.01,0,0,3/6/2017
golberz.com,15,11849435,2,0.02,2,0.07,3/15/2018
djarumcu.com,15,11852973,1,0.01,1,0.04,3/13/2018
5th-dimension.info,15,11945090,4,0.04,4,0.15,3/5/2017
votingresearch.org,15,11950617,1,0.01,1,0.04,9/14/2017
theopinionguide.com,14,11987579,1,0.01,1,0.04,3/18/2018
boomerangfoundation.org,14,11991183,9,0.08,9,0.33,3/4/2017
cotiinc.com,14,12042947,53,0.46,0,0,3/1/2017
silburydawning.com,14,12123730,2,0.02,2,0.07,9/19/2017
insoucianceabroad.com,14,12191252,17,0.15,0,0,2/28/2017
arbroathbandb.com,14,12213692,4,0.04,4,0.15,3/1/2018
layoutshere.com,14,12220004,28,0.25,28,1,2/19/2018
endd.org,14,12302574,1,0.01,1,0.04,3/25/2018
azgclan.de,14,12327060,5,0.04,5,0.18,2/27/2017
scottiescanvas.com,14,12345927,1,0.01,1,0.04,2/27/2017
jraces.com,14,12389470,2,0.02,0,0,2/8/2018
seeingmeproject.com,14,12398215,1,0.01,0,0,2/27/2017
bigdudesramblings.blogspot.com,14,12426123,3,0.03,0,0,3/27/2018
thetypicalindian.in,14,12441807,1,0.01,1,0.04,12/6/2017
refqh.com,14,12491052,15,0.13,15,0.54,3/3/2017
allrader.de,14,12546998,1,0.01,1,0.04,9/19/2017
mansimian.com,14,12587365,1,0.01,1,0.04,3/20/2018
shellmo.org,14,12661147,1,0.01,1,0.04,6/20/2017
travel4foodfun.com,14,12699490,1,0.01,1,0.04,2/26/2017
ladiscapacidad.com,14,12715659,4,0.04,4,0.15,10/23/2017
open-daily.com,13,12791902,2,0.02,2,0.07,3/3/2018
misshappyfeet.blogspot.com,13,12805619,3,0.03,0,0,3/4/2018
baostat.com,13,12836165,1,0.01,0,0,1/26/2018
cvjeans.com,13,12858612,32,0.28,0,0,6/7/2017
au-e.com,13,12868733,4,0.04,0,0,3/21/2018
thedailybizarre.com,13,12876079,1,0.01,0,0,3/1/2017
addinfographic.com,13,12896252,1,0.01,0,0,2/5/2018
rankank.com,13,12911335,1,0.01,0,0,6/9/2017
property-venture.com,13,12920889,738,6,0,0,8/22/2017
maxbimmer.com,13,12942952,2,0.02,2,0.07,5/30/2017
rabaskadesign.com,13,12958335,4,0.04,4,0.15,2/26/2017
whatsupgermany.de,13,12967725,1,0.01,0,0,3/5/2017
idyliq.com,13,13021703,13,0.11,0,0,2/27/2017
silverspringdailyphoto.com,13,13046974,14,0.12,14,0.51,2/27/2017
drwho.de,13,13104622,1,0.01,1,0.04,3/1/2017
jamirotalk.net,13,13183904,3,0.03,3,0.11,3/3/2017
linkedbd.com,13,13215156,1,0.01,0,0,3/29/2018
bestcarwarranty.org,13,13237786,1,0.01,1,0.04,2/21/2018
planestrainsandplantagenets.com,13,13672686,2,0.02,0,0,1/7/2018
guidester.com,12,13723396,1,0.01,1,0.04,1/10/2018
kulturpumpe.de,12,13923281,2,0.02,2,0.07,2/19/2018
tonipayneonline.com,12,14140538,2,0.02,2,0.07,3/1/2017
urbany.net,12,14152480,1,0.01,1,0.04,3/25/2018
yesserie.com,12,14186556,54,0.47,54,2,6/15/2017
onzinearticles.com,12,14318722,2,0.02,2,0.07,2/28/2017
domhold.com,12,14422730,1,0.01,1,0.04,3/15/2018
alexishowick.com,12,14492938,2,0.02,2,0.07,3/26/2018
hostspeech.com,12,14556720,2,0.02,2,0.07,5/6/2017
adventureflair.com,12,14572676,1,0.01,0,0,10/20/2017
gushisde.com,11,14790274,11,0.1,11,0.4,2/15/2018
mcn2.com,11,14793378,2,0.02,2,0.07,4/3/2018
ksenofontova.ru,11,14895205,2,0.02,2,0.07,12/9/2017
spyserp.com,11,14896270,30,0.26,0,0,2/24/2018
onebrassfox.com,11,14916561,1,0.01,0,0,2/5/2018
nutburgers.com,11,14972060,1,0.01,0,0,12/23/2017
thewandererschroniclestravelblog.blogspot.com,11,14981502,11,0.1,0,0,2/7/2018
taleoftales.com,11,15102130,2,0.02,2,0.07,3/4/2017
havingthreekids.com,11,15172938,4,0.04,4,0.15,11/24/2017
how-to-diy.org,11,15345531,1,0.01,1,0.04,3/14/2018
northwindmagazine.com,11,15357820,2,0.02,0,0,3/5/2017
careercollective.net,11,15403350,1,0.01,1,0.04,1/11/2018
indiapac.org,11,15446463,12,0.11,12,0.44,1/15/2018
facetag.org,11,15460879,2,0.02,2,0.07,7/30/2017
travels-with-emma.blogspot.com,11,15602564,1,0.01,0,0,3/22/2018
fmpug.ru,11,15667921,2,0.02,2,0.07,8/14/2017
icooklive.com,11,15683316,1,0.01,1,0.04,3/24/2018
yiyangnhy.com,11,15684991,16,0.14,16,0.58,3/1/2017
j-trip.info,11,15731663,2,0.02,2,0.07,12/2/2017
maqme.com,11,15819221,2,0.02,2,0.07,3/23/2018
yogatogether.net,11,15845694,2,0.02,2,0.07,12/20/2017
thecedrus.com,11,15873625,1,0.01,0,0,2/4/2018
minetest.org,11,15879061,11,0.1,11,0.4,2/17/2018
hezuolik.com,11,15911263,12,0.11,12,0.44,3/3/2017
labachecadimafalda.com,10,16247550,1,0.01,1,0.04,8/31/2017
directionofourdreams.blogspot.com,10,16479202,11,0.1,0,0,12/21/2017
afamilytravelblog.com,10,16641006,4,0.04,0,0,2/26/2017
mikeleonardagency.com,10,16696303,1,0.01,0,0,2/13/2018
whatupintown.com,10,16782749,2,0.02,0,0,11/10/2017
dewelldesigns.blogspot.com,10,16807022,6,0.05,0,0,3/19/2017
bobbuskirk.com,10,17020207,1,0.01,0,0,3/5/2017
kipra-papua.com,10,17061562,1,0.01,1,0.04,5/19/2017
inklebook.net,10,17140445,4,0.04,4,0.15,2/24/2018
maximumspaces.com,10,17213448,3,0.03,3,0.11,3/10/2018
soulcurrymagazine.com,10,17233708,2,0.02,2,0.07,9/16/2017
mesojournal.com,9,17396348,1,0.01,1,0.04,2/4/2018
hottravelinfohere.com,9,17780691,1,0.01,1,0.04,3/9/2018
costaricatruth.com,9,17809021,12,0.11,12,0.44,3/2/2017
endlessdistances.com,9,17885775,2,0.02,0,0,2/10/2018
ballonteam-luftschloss.de,9,17957790,1,0.01,1,0.04,2/28/2017
planete-alien.net,9,17969206,6,0.05,6,0.22,10/27/2017
cardesk.info,9,18013981,12,0.11,12,0.44,11/25/2017
today-headlines.com,9,18095861,2,0.02,0,0,3/3/2017
rosemancorp.com,9,18179356,1,0.01,0,0,3/3/2017
thedesignio.com,9,18189184,2,0.02,2,0.07,3/30/2018
osfb.ru,9,18214737,3,0.03,3,0.11,5/9/2017
pryinto.com,9,18238746,1,0.01,1,0.04,3/5/2018
omanab.com,9,18506429,14,0.12,14,0.51,11/12/2017
bestcubatravelguide.com,9,18545204,1,0.01,0,0,3/1/2017
desertegyptsafari.com,9,18570319,1,0.01,0,0,8/22/2017
step-en.com,9,18628625,4,0.04,4,0.15,3/31/2018
labolsadetavares.com,9,18676837,2,0.02,2,0.07,2/26/2017
websitesuccesstools.com,9,18692108,2,0.02,0,0,1/21/2018
livefamilytravel.com,8,18882412,2,0.02,0,0,3/1/2017
200sx.lv,8,18948437,4,0.04,4,0.15,3/4/2017
darkhorserunning.net,8,19014117,8,0.07,8,0.29,12/6/2017
chinanier.com,8,19103173,5,0.04,5,0.18,3/3/2017
mickipiperno.org,8,19194815,6,0.05,6,0.22,3/25/2018
cafechoo.com,8,19202270,1,0.01,1,0.04,5/12/2017
beddingdropship.com,8,19214711,1,0.01,1,0.04,4/1/2018
gamersoasis.net,8,19226663,3,0.03,3,0.11,6/8/2017
faroairporttransfersalgarve.com,8,19243344,808,7,0,0,2/4/2018
glovue.com,8,19323008,2,0.02,2,0.07,2/8/2018
jangbei.com,8,19520478,10,0.09,10,0.36,3/4/2018
cokoer.com,8,19596589,1,0.01,1,0.04,2/4/2018
wustcar.com,8,19747188,10,0.09,10,0.36,3/5/2017
emergingworld.org,8,19757393,2,0.02,2,0.07,3/5/2017
saucycooks.com,8,20224379,2,0.02,2,0.07,12/31/2017
travelobservers.com,8,20406637,1,0.01,1,0.04,2/28/2017
deadweightsf.com,8,20423571,2,0.02,2,0.07,2/5/2018
travoh.com,8,20434934,1,0.01,1,0.04,3/1/2017
portugalpropertyportal.eu,8,20478243,2,0.02,1,0.04,1/17/2018
see-the-opportunity.com,8,20678908,1,0.01,0,0,6/21/2017
titispassion.com,7,20814544,2,0.02,0,0,11/17/2017
autosweblog.com,7,20835844,1,0.01,0,0,12/23/2017
primediary.com,7,20846447,1,0.01,1,0.04,12/24/2017
ask2world.com,7,20876568,2,0.02,2,0.07,2/28/2017
emutop.net,7,20992365,1,0.01,0,0,3/31/2018
neurac.org,7,21009866,4,0.04,4,0.15,3/14/2018
familiahaihui.ro,7,21102070,1,0.01,0,0,2/9/2018
feelone.net,7,21160389,1,0.01,1,0.04,11/29/2017
noelleann.com,7,21166383,1,0.01,0,0,2/18/2018
fallfordiscovery.com,7,21219641,1,0.01,0,0,2/28/2017
smallbudgetbigtrips.com,7,21355650,1,0.01,0,0,2/28/2017
geosuzie.blogspot.com,7,21372381,1,0.01,0,0,3/28/2018
foxboroeducation.org,7,21375985,2,0.02,2,0.07,9/13/2017
simplxity.com,7,21396146,1,0.01,1,0.04,11/29/2017
sferatv.net,7,21447615,3,0.03,3,0.11,3/1/2017
irnon.com,7,21734244,1,0.01,1,0.04,3/2/2017
spiderednews.com,7,21743352,1,0.01,1,0.04,2/8/2018
tentionfree.com,7,21917409,1,0.01,1,0.04,3/4/2017
hobogobo.com,7,22106228,1,0.01,1,0.04,3/3/2017
findhotelsnearanaddress.com,7,22204301,1,0.01,0,0,1/23/2018
linkddl.com,7,22388569,3,0.03,0,0,9/11/2017
destinator.net,7,22669853,1,0.01,1,0.04,3/4/2017
sylviaflores.net,6,22793997,1,0.01,1,0.04,3/27/2018
gamecheetz.com,6,22973627,72,0.63,72,3,11/28/2017
tour-bc.net,6,22973959,2,0.02,2,0.07,3/31/2018
visual-pagerank.info,6,23098144,1,0.01,1,0.04,7/24/2017
maizii.com,6,23118284,5,0.04,0,0,2/4/2018
get-free-coupons-now.com,6,23162799,3,0.03,0,0,12/16/2017
tqmi.co.uk,6,23222222,56,0.49,0,0,9/4/2017
everyonedresses.com,6,23369950,1,0.01,1,0.04,2/27/2017
zealsion.com,6,23429648,3,0.03,3,0.11,3/21/2018
nayouquan.com,6,23651858,1,0.01,1,0.04,3/21/2018
digital-graphiti.com,6,23987665,4,0.04,4,0.15,3/26/2018
wildlions.ru,6,24044880,2,0.02,2,0.07,6/10/2017
visual-pagerank.be,6,24096465,2,0.02,2,0.07,12/19/2017
thedalyblog.org,6,24352610,1,0.01,0,0,6/10/2017
howtomakeonline.org,6,24470122,1,0.01,1,0.04,3/29/2018
cinexcepcion.com,6,24581529,8,0.07,8,0.29,3/2/2017
123webstats.com,6,24623691,2,0.02,0,0,1/17/2018
constitution-21.com,6,24679615,1,0.01,1,0.04,1/29/2018
createwowmedia.com,6,24771346,1,0.01,0,0,3/6/2017
whcmarket.com,6,24796407,1,0.01,1,0.04,3/25/2018
keralaarticles.com,6,24825318,1,0.01,0,0,7/1/2017
emstructural.com,6,24874506,25,0.22,0,0,2/22/2018
xnuos.com,6,25105721,2,0.02,2,0.07,3/19/2018
tips4italiantrips.com,6,25153358,119,1,0,0,6/27/2017
frommers.info,6,25203906,2,0.02,2,0.07,11/16/2017
perunova.cz,6,25320346,1,0.01,0,0,2/23/2018
bobnsophie.blogspot.com,6,25324774,2,0.02,0,0,3/23/2018
imaladec.com,5,25591497,5,0.04,5,0.18,2/28/2017
pisceanrat.blogspot.com,5,25727809,1,0.01,0,0,3/23/2018
keyosa.com,5,25736373,7,0.06,0,0,11/1/2017
thebucketlistnarratives.com,5,25775554,8,0.07,0,0,3/10/2018
trackthattravel.com,5,25852997,4,0.04,4,0.15,7/28/2017
chelsheaflo.com,5,25903214,3,0.03,0,0,3/23/2018
mills-travels.blogspot.com,5,25956972,3,0.03,0,0,3/29/2018
fractionsoftheworld.com,5,26215531,2,0.02,0,0,2/26/2017
recipestasty.com,5,26259779,2,0.02,0,0,5/25/2017
thecorsa.co.uk,5,26559436,22,0.19,22,0.8,3/4/2017
fitnessfusions.co.uk,5,26568238,1,0.01,0,0,12/16/2017
cybersearchnet.com,5,26574335,1,0.01,1,0.04,12/3/2017
lovinourlife3d.blogspot.com,5,26586342,3,0.03,0,0,3/4/2017
hotels-scanner.us,5,26781640,1,0.01,1,0.04,2/28/2017
coffee-read.com,5,26835823,16,0.14,16,0.58,2/18/2018
letsdothecatwalkladies.blogspot.com,5,26990657,1,0.01,0,0,3/29/2018
asapsocialite.com,5,27280444,10,0.09,0,0,2/7/2018
mydearhome.com,5,27639317,2,0.02,2,0.07,6/24/2017
miclear.com,5,27687219,1,0.01,1,0.04,10/9/2017
exoticcars101.com,5,28154643,1,0.01,1,0.04,3/27/2018
techhouse.us,5,28264175,4,0.04,4,0.15,6/2/2017
bakingblondie7.blogspot.com,5,28336972,1,0.01,0,0,3/16/2018
klr650.de,5,28400654,2,0.02,2,0.07,8/10/2017
highheelpoodl.blogspot.com,4,28628353,4,0.04,0,0,3/17/2018
canariasetourism.net,4,28830912,2,0.02,2,0.07,3/13/2018
namepeeper.com,4,28895207,1,0.01,0,0,3/31/2018
sves.ru,4,29145164,4,0.04,4,0.15,10/24/2017
yousetthescene.blogspot.com,4,29149104,3,0.03,0,0,3/14/2018
feifangirl.com,4,29345199,3,0.03,3,0.11,3/12/2018
qinkuy.com,4,29393207,12,0.11,12,0.44,3/2/2017
edunns.net,4,29577392,5,0.04,5,0.18,1/26/2018
esthing.com,4,29706865,2,0.02,2,0.07,1/1/2018
franchise-business.net,4,29763315,1,0.01,0,0,3/14/2018
academia-wikipedia.org,4,29916263,1,0.01,1,0.04,1/29/2018
mobilen-bg.com,4,29948025,3,0.03,3,0.11,5/8/2017
skdsports.com,4,30233707,8,0.07,8,0.29,1/28/2018
clanlc.com,4,30307040,4,0.04,4,0.15,12/3/2017
smart-x.net,4,30312569,18,0.16,18,0.65,2/10/2018
westafricacommerce.com,4,30378863,1,0.01,1,0.04,3/26/2018
lowandslow01.blogspot.com,4,30487198,1,0.01,0,0,3/21/2018
alittlereality.blogspot.com,4,30499415,1,0.01,0,0,4/3/2018
travelmeguide.com,4,30630726,3,0.03,0,0,3/1/2017
gonerving.blogspot.com,4,30825725,1,0.01,0,0,4/2/2018
votetags.info,4,30829084,2,0.02,2,0.07,3/5/2018
tumbleweed-jimdee.blogspot.com,4,30938655,1,0.01,0,0,4/3/2018
havaha.net,4,31243774,3,0.03,3,0.11,3/6/2018
thetravellingtoddler.com,4,31389684,3,0.03,0,0,3/4/2017
billybobsplace.blogspot.com,4,31624283,1,0.01,0,0,4/4/2018
mllbz.com,4,31729556,1,0.01,1,0.04,4/3/2018
showtimeok.com,4,31765475,6,0.05,6,0.22,1/15/2018
yotekai.com,4,31876362,23,0.2,0,0,12/20/2017
liztourism.com,4,32030854,4,0.04,4,0.15,1/13/2018
aquelando.info,4,32100281,1,0.01,0,0,3/5/2018
ornametals1.com,4,32158159,68,0.6,0,0,2/26/2017
travelingfig.com,4,32357351,1,0.01,0,0,2/28/2017
trendkini.my,3,32654917,1,0.01,1,0.04,1/1/2018
epagesite.com,3,32760211,6,0.05,0,0,2/2/2018
websitevaluestat.com,3,32937450,2,0.02,0,0,3/3/2017
cxwonderful.com,3,32938266,1,0.01,1,0.04,3/21/2018
qihow.com,3,33109049,1,0.01,0,0,2/28/2017
soulwaterpublishing.com,3,33376738,11,0.1,11,0.4,2/23/2018
disfordentist.com,3,34022507,1,0.01,0,0,3/27/2018
travelingsenecatrail.org,3,34033192,1,0.01,1,0.04,2/22/2018
call4democracy.org,3,34067440,1,0.01,1,0.04,1/29/2018
eadsforcongress.com,3,34496727,1,0.01,1,0.04,1/28/2018
wanderersbutnotlost.com,3,34565741,1,0.01,0,0,3/2/2017
bikelex.com,3,34650515,4,0.04,4,0.15,7/2/2017
whatsnewell.blogspot.com,3,34743598,3,0.03,0,0,3/27/2018
florida-georgiacamping.blogspot.com,3,34809974,1,0.01,0,0,3/31/2018
guoxinkeji.com,3,34951126,2,0.02,2,0.07,2/25/2018
andrq.ru,3,34997934,1,0.01,1,0.04,8/10/2017
mad4madrid.com,3,35003503,1,0.01,0,0,12/16/2017
steadfastdns.net,3,35194974,1,0.01,1,0.04,2/27/2017
seo4web.in,3,35289561,4,0.04,4,0.15,2/27/2017
travelingwithacamera.com,3,35350751,2,0.02,0,0,10/9/2017
scriptoeris.co.uk,3,35590982,3,0.03,0,0,3/4/2017
g14.ru,3,35603006,2,0.02,2,0.07,10/29/2017
safari-tours.com,3,35670070,1,0.01,0,0,7/22/2017
wickedmind.net,3,35825041,1,0.01,1,0.04,8/4/2017
infographicsly.com,3,36017465,1,0.01,0,0,3/30/2018
gaoyuanhotel.com,3,36022848,2,0.02,2,0.07,2/3/2018
creative-journal.com,3,36033103,1,0.01,0,0,2/27/2017
amarforcongress.com,3,36045667,1,0.01,1,0.04,1/31/2018
nobases.net,3,36307751,1,0.01,1,0.04,11/10/2017
visual-pagerank.eu,3,36386931,2,0.02,2,0.07,6/7/2017
davidlandrum.com,3,36450630,1,0.01,1,0.04,1/28/2018
roamingfree2010.blogspot.com,3,36695559,3,0.03,0,0,12/14/2017
timneil.co.uk,3,36710331,1,0.01,0,0,5/29/2017
aidhost.com,3,36970624,2,0.02,2,0.07,9/16/2017
justfinding.blogspot.com,3,37296514,2,0.02,0,0,3/30/2018
marinafurdyna.com,3,37422091,2,0.02,0,0,7/7/2017
ingridslifeandluxury.com,3,37460232,1,0.01,0,0,3/13/2018
travelthroughhistory.blogspot.com,3,37520967,5,0.04,0,0,3/23/2018
culpa-music.de,3,37587148,72,0.63,72,3,2/28/2017
mytravelomart.com,3,37672747,1,0.01,0,0,2/27/2017
alledition.com,2,37849702,10,0.09,0,0,4/29/2017
lowecopetite.com,2,39403886,1,0.01,0,0,4/2/2018
autismawarenesshawaii.blogspot.com,2,39555255,4,0.04,0,0,3/21/2018
meghashop.com,2,39968381,2,0.02,0,0,4/3/2018
manline.ru,2,40345337,2,0.02,2,0.07,10/27/2017
carriegillaspie.com,2,40614679,2,0.02,0,0,11/10/2017
c-red.org,2,40613434,1,0.01,1,0.04,2/16/2018
26thdistrict.com,2,41000054,1,0.01,1,0.04,1/31/2018
inetbuket.ru,2,41015056,1,0.01,1,0.04,12/16/2017
highfivegaming.net,2,41026852,1,0.01,1,0.04,7/31/2017
monsterden.net,2,41470137,4,0.04,4,0.15,8/6/2017
ibl.ro,2,41943284,1,0.01,1,0.04,3/2/2017
patsyischillin.blogspot.com,2,42398967,1,0.01,0,0,4/3/2018
onmogul.herokuapp.com,2,42934788,13,0.11,13,0.47,3/1/2018
voceaamericii.com,2,43187182,1,0.01,1,0.04,12/23/2017
freeabstractbackgrounds.com,2,43276455,5,0.04,5,0.18,3/4/2018
blogchowk.com,2,43539606,1,0.01,0,0,3/6/2017
timelineinfographic.com,2,43654932,5,0.04,0,0,3/1/2017
brawo8.blogspot.com,2,43715235,4,0.04,0,0,3/31/2018
keywordniches.com,2,43865132,4,0.04,0,0,12/17/2017
waitinginvain.org,2,43884297,1,0.01,1,0.04,7/29/2017
hristiana.zp.ua,2,44769202,3,0.03,3,0.11,8/13/2017
reshone.com,2,44893674,6,0.05,0,0,6/29/2017
getyourworthon.com,1,45285218,1,0.01,0,0,2/7/2018
shantifreebird.blogspot.com,1,45928614,1,0.01,0,0,3/9/2018
etravelerbudget.com,1,46040782,2,0.02,0,0,2/26/2017
purplescoops.com,1,46075983,24,0.21,17,0.62,2/6/2018
snowgoerforums.azurewebsites.net,1,46175276,6,0.05,6,0.22,5/24/2017
radost.us,1,46183730,16,0.14,16,0.58,3/6/2017
happywanderlust.com,1,46695472,2,0.02,0,0,12/17/2017
missadventuretravels.blogspot.com,1,46716110,4,0.04,0,0,2/23/2018
movewithdoyin.com,1,46746177,3,0.03,0,0,11/16/2017
visulattic.com,1,46783482,1,0.01,0,0,3/14/2018
tourtravelthai.com,1,48013760,2,0.02,0,0,5/31/2017
uradiovienna.com,1,49172534,4,0.04,4,0.15,10/29/2017
elladoit.com,1,49191378,1,0.01,1,0.04,10/16/2017
maconcandy.com,1,49315314,1,0.01,0,0,2/25/2018
einkaufen-in-mitte.de,1,49567583,4,0.04,4,0.15,2/28/2017
creativezane.sg,1,50107917,3,0.03,0,0,6/14/2017
abcdfree.net,1,51013615,5,0.04,5,0.18,11/30/2017
mightyinfographics.com,1,51784720,1,0.01,1,0.04,2/27/2017
belugasexcellentadventure.blogspot.com,1,51977538,2,0.02,0,0,3/6/2018
supervillainy.com,1,52085948,8,0.07,8,0.29,6/27/2017
kitchenswc.com,1,52670720,1,0.01,0,0,12/14/2017
enufa.ru,1,52940098,1,0.01,1,0.04,12/16/2017
dicsite.com,1,53027770,1,0.01,0,0,4/3/2018
billandjanrvingtheusa.blogspot.com,1,53323212,5,0.04,0,0,3/20/2018
fidofindit.com,1,53725645,1,0.01,0,0,3/4/2017
greenstartravel.co.uk,1,53879450,1,0.01,0,0,12/12/2017
travelingreporter.com,1,54829119,6,0.05,0,0,5/18/2017
danmacs.blogspot.com,1,55493237,4,0.04,0,0,11/11/2017
easybuildtours.com,1,55527323,1,0.01,1,0.04,2/17/2018
nicole-eats.com,1,55551149,1,0.01,0,0,12/29/2017
cnbd.net,1,56269690,16,0.14,0,0,2/4/2018
italianbuddy.com,1,56945224,1,0.01,0,0,3/2/2017
discussmuch.com,1,57024580,1,0.01,0,0,1/30/2018
adbconseil.fr,0,57812885,3,0.03,3,0.11,9/18/2017
q2g.de,0,58009006,1,0.01,1,0.04,8/13/2017
contabily.com,0,58638249,1,0.01,0,0,3/3/2017
usefultravelsite.com,0,59170480,1,0.01,1,0.04,3/1/2017
ydlxl.net,0,59466966,5,0.04,5,0.18,11/15/2017
howtodoweb.com,0,59707411,2,0.02,2,0.07,12/3/2017
radionomy.net,0,59853243,9,0.08,9,0.33,12/3/2017
acceslassomption.org,0,60807852,5,0.04,5,0.18,2/3/2018
catvills.com,0,60834405,1,0.01,0,0,2/27/2018
healingwithfoods.blogspot.com,0,61261562,1,0.01,0,0,3/31/2018
cmolink.com,0,61477332,4,0.04,0,0,12/23/2017
whitealmond-privatesicily.blogspot.com,0,61698664,1,0.01,0,0,3/20/2018
submitvisuals.com,0,62920056,1,0.01,0,0,2/28/2017
fleurageneve.blogspot.com,0,63449317,11,0.1,0,0,3/6/2018
topkeywords.info,0,63652943,4,0.04,0,0,11/23/2017
keywordspy.info,0,63656799,2,0.02,0,0,3/20/2018
tauritravel.com,0,63901872,1,0.01,0,0,3/14/2018
ita-abi08.de,0,64343070,4,0.04,4,0.15,8/7/2017
microlinkinc.com,0,64949194,1,0.01,0,0,12/27/2017
omegahale.com,0,65312940,1,0.01,0,0,2/11/2018
eichsfeld-touristik.de,0,66512787,16,0.14,16,0.58,3/1/2017
monetarymusings.com,0,67038277,2,0.02,0,0,11/23/2017
link01directory.com,0,67861904,1,0.01,1,0.04,2/26/2017
ccuknews.com,0,68615880,1,0.01,1,0.04,3/27/2018
markteri.blogspot.com,0,69174752,1,0.01,0,0,3/25/2018
trustedufoundation.com,0,69400886,1,0.01,1,0.04,2/5/2018
underfunny.biz,0,70673457,72,0.63,0,0,3/7/2018
shennykings.com,0,71366109,2,0.02,0,0,2/26/2017
aplacecalledaway.blogspot.com,0,71470000,2,0.02,0,0,3/29/2018
thepiecebypiecestyle.com,0,71574359,1,0.01,0,0,3/17/2018
lingua-online.com,0,71692786,2,0.02,0,0,2/26/2017
verykt.com,0,72046546,1,0.01,1,0.04,10/28/2017
addsomejoy.blogspot.com,0,72596229,9,0.08,9,0.33,3/19/2017
dkt-travels.blogspot.com,0,72965367,1,0.01,0,0,3/29/2018
198.71.50.143,0,74403458,9,0.08,0,0,2/7/2018
dressingbecky.blogspot.com,0,74918748,1,0.01,0,0,3/24/2018
parttimewithjandl.blogspot.com,0,75757239,1,0.01,0,0,3/28/2018
blogskart.com,0,75913427,1,0.01,1,0.04,3/15/2018
sharethelove.blog,0,76147588,2,0.02,0,0,3/28/2018
andyrottenideas.blogspot.com,0,76767989,2,0.02,0,0,3/9/2018
muehlhausen-netz.de,0,77102966,31,0.27,31,1,3/2/2017
flipproperty.agency,0,77413408,1,0.01,1,0.04,3/3/2018
ratedrv13thenextchapter.blogspot.com,0,78434387,1,0.01,0,0,3/23/2018
guestbloghub.com,0,80164941,1,0.01,1,0.04,3/17/2018
papasearch.net,0,80814661,1,0.01,1,0.04,2/22/2018
coupons2018wow.com,0,81810115,3,0.03,3,0.11,1/3/2018
wog-online.ru,0,81811857,1,0.01,1,0.04,12/17/2017
couponcricket.com,0,86068328,1,0.01,1,0.04,2/10/2018
travellingaloud.com,0,87145595,1,0.01,0,0,3/1/2017
silverdale.ru,0,87968490,4,0.04,4,0.15,9/20/2017
healthinsurancecare.net,0,88517304,15,0.13,0,0,2/7/2018
h2r5gsxr.blogspot.com,0,91401906,7,0.06,0,0,3/27/2018
muehlhausen.net,0,91648377,17,0.15,17,0.62,3/1/2017
atsdeal.com,0,93398228,3,0.03,0,0,11/29/2017
frontiervines.xyz,0,93399687,2,0.02,2,0.07,3/28/2018
vyds.me,0,94380166,1,0.01,0,0,4/3/2018
letsdothecatwalkladies.pl,0,97395693,1,0.01,0,0,6/4/2017
freekicksreport.blogspot.com,0,98194488,1,0.01,0,0,3/9/2018
skiyp.me,0,98968350,4,0.04,0,0,2/8/2018
iloveluxurycars.com,0,99712196,1,0.01,1,0.04,3/28/2018
myquestion.info,0,99758541,1,0.01,0,0,3/3/2018
hivemindcommune.com,0,103532843,3,0.03,0,0,2/22/2018
coupons2017social.com,0,105105694,2,0.02,2,0.07,3/12/2018
couponsvouchers2017.com,0,107837639,1,0.01,1,0.04,4/1/2018
partsdirectforyou.com,0,108544097,24,0.21,24,0.87,3/2/2017
upcomingtoyota.us,0,114919317,7,0.06,0,0,3/21/2018
usedcargalaxy.com,0,117006117,12,0.11,12,0.44,7/19/2017
lsu.fr,0,117583269,8,0.07,8,0.29,8/14/2017
hack-home.blogspot.com,0,120304886,1,0.01,0,0,3/21/2018
coupons2017plus.com,0,123048694,3,0.03,3,0.11,1/25/2018
luckgo.net,0,124645530,1,0.01,1,0.04,7/10/2017
neilinbahrain.blogspot.com,0,125804504,8,0.07,0,0,1/30/2018
ip-address-location.com,0,127264981,1,0.01,0,0,3/24/2018
findcarbeauty.com,0,128022549,5,0.04,5,0.18,2/27/2017
vx800.com,0,133199387,2,0.02,2,0.07,2/27/2017
mycman.com,0,135301987,2,0.02,2,0.07,10/26/2017
pragmaticobotsunite2018.com,0,137568006,1,0.01,0,0,12/29/2017
sparklebydesign.net,0,137909452,1,0.01,1,0.04,9/2/2017
blogtact.net,0,143570084,1,0.01,1,0.04,3/14/2018
worldone.pw,0,144961446,1,0.01,1,0.04,12/19/2017
travelpretty.com,0,168234169,1,0.01,0,0,1/15/2018
athensfever.gr,0,162230587,2,0.02,0,0,3/30/2018
kualalumpurcarbabyseat.blogspot.com,0,,4,0.04,4,0.15,3/6/2018
travelaerosport.blogspot.com,0,,6,0.05,0,0,3/20/2018
hivemindstartups.com,0,,3,0.03,0,0,3/20/2018
postcardsfromrose.com,0,,1,0.01,0,0,4/27/2017
eichsfeld-tourismus.de,0,,15,0.13,15,0.54,3/1/2017
mhl-search.de,0,,18,0.16,18,0.65,3/3/2017
kefa.me,0,,3,0.03,0,0,3/18/2018
sportscarrentalworld.net,0,,1,0.01,0,0,3/25/2018
address-zipcode.tokyo ,0,,1,0.01,1,0.04,11/13/2017
